id,slug,title,excerpt,body,category,tags,thumbnail_url,published_on,status,notes,source,created_at,updated_at
blog_3aa7d53d-0f0d-4491-a303-a5995863a4d5,kurayoshi-one-farm-diary-sensor,倉吉の1農家で始めた農業DX。日誌とセンサーを「全部」ではなく「毎日使う1本」から育てる,鳥取県倉吉市の1農家の現場では、いきなりフル装備のスマート農業ではなく、毎日の日誌と少数のセンサーから始めました。紙と感覚に頼っていた記録を、振り返れるデータに変える進め方をまとめます。,"## 「農業DX」が重く聞こえる理由

スマート農業や農業DXと聞くと、ドローン、自動操舵、衛星データ、高額なセンサー一式——といった大がかりなイメージが先に立ちます。中小規模の農家ほど、「うちにはまだ早い」「人が足りないのに、機械の世話まで増える」と感じやすいです。

スタジオフーズが関わっているのは、大規模法人のフル装備ではなく、**鳥取県倉吉市の1農家**の現場です。ここで最初にやったのは、最新機材の総入れ替えではありません。毎日の作業日誌と、本当に必要な少数のセンサーを、**毎日使う1本の流れ**として育てることでした。

前回までの公式ブログでは、[食料品の消費税1％と記帳・本則課税の話](https://www.studiofoods.net/blog/agri-food-tax-1percent-honsoku)や、[要件を小さく切るSODATEの考え方](https://www.studiofoods.net/blog/sodate-carve-first-requirement)を書いてきました。農業DXでも同じです。**先に切るのは機能一覧ではなく、現場が毎日回している流れ**です。

## この記事の全体像

1. 倉吉の1農家で、最初につらかったこと
2. なぜ「日誌」から入るのか
3. センサーは「全部」ではなく「判断に効く1点」から
4. 紙→アプリ→センサーの育て方（3段階）
5. 小さく始めるときに決めておくこと

## 倉吉の1農家で、最初につらかったこと

倉吉の現場で最初に目立ったのは、次のような往復でした。

- 作業内容・防除・天候のメモが、紙・スマホのメモ・頭の中に散らばっている
- 「去年のこの時期、どうしたか」を探すのに時間がかかる
- ハウスや圃場の状態を、見回りと感覚に頼りすぎる（離れている時間の変化が残らない）
- 家族や手伝いに引き継ぐとき、口頭説明が増える

ここでのゴールは「スマート農業の見本市に並ぶこと」ではありません。**翌日の判断と、翌年の振り返りが、同じ記録からできるようにすること**です。

## なぜ「日誌」から入るのか

センサーやカメラは魅力的ですが、記録の型がないまま入れると、データは増えても使い方が決まりません。日誌（作業記録）は、次の3つを一度に支えます。

1. **今日やったこと**（誰が・どこで・何を）
2. **なぜそうしたか**（天候、生育、取引先の都合）
3. **あとで探す手がかり**（日付・圃場・作物・作業種）

紙の日誌でも価値はありますが、検索・共有・集計が弱いです。最初のDXは、立派なダッシュボードより、**スマホやタブレットで、現場を出る前に30秒〜2分で残せる日誌**の方が効きます。機械導入の前に「生産管理の記録が残る」ことが前提になりやすい、という現場感にも合います。

## センサーは「全部」ではなく「判断に効く1点」から

センサーを一気に増やしがちですが、倉吉の1農家では「判断に効く1点」からに絞りました。例えば次のような切り方です。

| 切り方が弱い | 切り方が強い |
| --- | --- |
| 温度・湿度・土壌・日射・CO2・水位を全部 | 「夜に離れても、ハウス内温度の異常だけは翌朝までに分かる」 |
| 全圃場にカメラとセンサー | 「いちばん気になる1ハウスだけ、温湿度を連続で残す」 |
| 分析レポートを毎週自動生成 | 「閾値を超えたら通知。詳細は日誌と見比べる」 |

強い切り方の共通点は、SODATEの要件切りと同じです。

- **誰が**見るか（本人／家族）
- **いつ**効くか（夜・外出中・翌朝）
- **何が終われば成功か**（異常に気づける／記録が残る）

センサーは日誌の代わりではなく、**日誌に書けない時間帯の穴を埋す部品**です。流れが先、センサーは後です。

## 紙→アプリ→センサーの育て方（3段階）

倉吉の1農家で現実的だった育て方は、だいたい次の3段階です。

### 1. 紙・メモの項目を揃える（1〜2週間）

いきなりアプリにせず、いま書いている内容を棚卸しします。

- 日付／圃場／作物
- 作業内容（定型語を決める）
- 資材・防除（使ったもの）
- 気づき（生育・病害のメモ）

項目が多すぎると続きません。**毎日必ず書く欄は5つ以内**が目安です。

### 2. 日誌アプリ（または簡単な入力画面）に移す（2〜4週間）

同じ項目を、現場で入力できる形にします。成功条件は派手さではなく、次の1行です。

- 「その日のうちに、その日の作業が未入力のまま残らない」

写真1枚を添えるだけでも、あとからの振り返りは大きく変わります。ここまでできて初めて、「記録がある」状態です。

### 3. センサーを1系統だけ足す（その後）

日誌が回ってから、判断に効くセンサーを1系統足します。温度なら温度、水位なら水位。通知の条件も、最初は粗くて構いません。

- まず「異常に気づく」
- 次に「日誌と突き合わせて、翌日の作業を決める」
- そのあとに「週次で傾向を見る」

順番を逆にすると、データは溜まっても現場の習慣が変わりません。

## 小さく始めるときに決めておくこと

打ち合わせ前に、次の4点があると早いです。仕様書は不要です。

1. **いまの日誌・メモの実物**（空のテンプレより、書いた跡があるもの）
2. **いちばんつらい往復**を書いた1段落（探す／引き継ぐ／夜の見回り、など）
3. **成功条件の1行**（例：外出中でもハウス温度の異常に気づける）
4. **今回やらないこと**（全圃場一気、分析レポート自動、他システム連携、など）

補助金や導入支援を使う場合も、この4点があると「何のための機械か」がブレにくいです。個別の補助要件・申請判断は、自治体や専門家の確認が前提です。

## まとめ

倉吉の1農家で始めた農業DXは、最新機材の総入れ替えではありませんでした。**毎日の日誌を残せる形にし、判断に効くセンサーを1本足す**。それだけで、「感覚と口伝」に閉じがちだった現場が、翌日と翌年に使える記録へ寄っていきます。

農業DXで失敗しやすいのは、技術不足より先に、**最初の範囲が大きすぎること**です。全部のセンサー、全部の圃場、全部の自動分析——から入ると、記録が現場に根付きません。

先に切るのは機能一覧ではなく、農家が毎日回している1本の流れです。日誌の項目を揃え、その日のうちに残し、必要ならセンサーで穴を埋める。この順番は、[受託開発・SODATE](https://www.studiofoods.net/services/sodate) で社内ツールを小さく切る話と同じ型です。

「このハウスの温度だけ、夜も残したい」「防除の記録を、探す時間を減らしたい」——その粒度で大丈夫です。倉吉の1農家の現場でも、まずはそこから一緒に育てています。
",農業DX,"農業DX,倉吉,スマート農業,日誌,センサー,中小企業,鳥取",,,draft,毎日下書き 2026-09-12。柱④農業DX（倉吉の1農家）。task=task_blog_2026-09-12_agri-dx。本番へは出さない。,grokbot,2026-09-12 09:11:10,2026-09-12 09:11:10
